Workbook

Sheet 数据
A1: 省份 | B1: 2024GDP_亿元 | C1: 2024人口_万人 | D1: 2024教育经费_万元 | E1: 2024出生率_‰ | F1: 985录取率 | G1: 211录取率 | H1: 双一流录取率
A2: 北京市 | B2: 49843.1 | C2: 2183 | D2: 1247.15 | E2: 6.09 | F2: 0.0555 | G2: 0.1596 | H2: 0.1864
A3: 天津市 | B3: 18024.3 | C3: 1364 | D3: 500.02 | E3: 4.99 | F3: 0.0391 | G3: 0.092 | H3: 0.1178
A4: 河北省 | B4: 47526.9 | C4: 7378 | D4: 1828.84 | E4: 5.9 | F4: 0.0116 | G4: 0.0372 | H4: 0.0409
A5: 山西省 | B5: 25494.7 | C5: 3446 | D5: 922.1 | E5: 6.94 | F5: 0.019 | G5: 0.0631 | H5: 0.0786
A6: 内蒙古自治区 | B6: 26314.6 | C6: 2388 | D6: 783.65 | E6: 5.52 | F6: 0.0264 | G6: 0.0881 | H6: 0.0954
A7: 辽宁省 | B7: 32612.7 | C7: 4155 | D7: 740.91 | E7: 4.32 | F7: 0.031 | G7: 0.0796 | H7: 0.0834
A8: 吉林省 | B8: 14361.2 | C8: 2317 | D8: 539.37 | E8: 4.17 | F8: 0.047 | G8: 0.123 | H8: 0.1278
A9: 黑龙江省 | B9: 16476.9 | C9: 3029 | D9: 616.1 | E9: 3.35 | F9: 0.0246 | G9: 0.0818 | H9: 0.0869
A10: 上海市 | B10: 53926.7 | C10: 2480 | D10: 1233.85 | E10: 4.75 | F10: 0.0363 | G10: 0.1218 | H10: 0.1632
A11: 江苏省 | B11: 137008 | C11: 8526 | D11: 2757.9 | E11: 4.98 | F11: 0.0188 | G11: 0.0679 | H11: 0.1121
A12: 浙江省 | B12: 90130.6 | C12: 6670 | D12: 2474.82 | E12: 6.17 | F12: 0.0226 | G12: 0.0512 | H12: 0.0661
A13: 安徽省 | B13: 50625.2 | C13: 6123 | D13: 1558.68 | E13: 6.17 | F13: 0.0139 | G13: 0.0543 | H13: 0.06
... A26: 云南省 | B26: 31534.1 | C26: 4655 | D26: 1197.62 | E26: 8.62 | F26: 0.0115 | G26: 0.0373 | H26: 0.0427
A27: 西藏自治区 | B27: 2764.9 | C27: 370 | D27: 333.63 | E27: 13.87 | F27: - | G27: - | H27: -
A28: 陕西省 | B28: 35538.8 | C28: 3953 | D28: 1119.54 | E28: 7.36 | F28: 0.0296 | G28: 0.0767 | H28: 0.082
A29: 甘肃省 | B29: 13002.9 | C29: 2458 | D29: 723.88 | E29: 8 | F29: 0.0296 | G29: 0.0686 | H29: 0.076
A30: 青海省 | B30: 3950.8 | C30: 593 | D30: 232.08 | E30: 10.11 | F30: 0.0262 | G30: 0.1023 | H30: 0.1095
A31: 宁夏回族自治区 | B31: 5502.8 | C31: 729 | D31: 225.39 | E31: 10.97 | F31: 0.0204 | G31: 0.0785 | H31: 0.0838
A32: 新疆维吾尔自治区 | B32: 20534.1 | C32: 2623 | D32: 1215.82 | E32: 9.42 | F32: 0.0331 | G32: 0.1238 | H32: 0.1365

Sheet 指标
A1: 省份 | B1: 人均GDP_元 | C1: 教育投入强度_% | D1: 人均教育经费_元 | E1: 人口压力指数 | F1: 效率比值 | G1: 公平系数 | H1: 985排名
A2: 北京市 | B2: =IFERROR(数据!B2/数据!C2*10000,"") -> 228323.87 | C2: =IFERROR(数据!D2/数据!B2*100,"") -> 2.5021518 | D2: =IFERROR(数据!D2/数据!C2*10000,"") -> 5713.0096 | E2: =IFERROR(数据!C2*数据!E2/(数据!F2*1000),"") -> 239.54 | F2: =IFERROR(数据!F2/C2,"") -> 0.022180909 | G2: =IFERROR(数据!F2/AVERAGE(数据!$F$2:$F$32),"") -> 2.3473847 | H2: =IF(数据!F2="","",RANK(数据!F2,数据!$F$2:$F$32,0)) -> 1
A3: 天津市 | B3: =IFERROR(数据!B3/数据!C3*10000,"") -> 132142.96 | C3: =IFERROR(数据!D3/数据!B3*100,"") -> 2.7741438 | D3: =IFERROR(数据!D3/数据!C3*10000,"") -> 3665.8358 | E3: =IFERROR(数据!C3*数据!E3/(数据!F3*1000),"") -> 174.0757 | F3: =IFERROR(数据!F3/C3,"") -> 0.014094439 | G3: =IFERROR(数据!F3/AVERAGE(数据!$F$2:$F$32),"") -> 1.6537431 | H3: =IF(数据!F3="","",RANK(数据!F3,数据!$F$2:$F$32,0)) -> 3
A4: 河北省 | B4: =IFERROR(数据!B4/数据!C4*10000,"") -> 64417.051 | C4: =IFERROR(数据!D4/数据!B4*100,"") -> 3.8480103 | D4: =IFERROR(数据!D4/数据!C4*10000,"") -> 2478.7747 | E4: =IFERROR(数据!C4*数据!E4/(数据!F4*1000),"") -> 3752.6034 | F4: =IFERROR(数据!F4/C4,"") -> 0.003014545 | G4: =IFERROR(数据!F4/AVERAGE(数据!$F$2:$F$32),"") -> 0.49062456 | H4: =IF(数据!F4="","",RANK(数据!F4,数据!$F$2:$F$32,0)) -> 28
A5: 山西省 | B5: =IFERROR(数据!B5/数据!C5*10000,"") -> 73983.459 | C5: =IFERROR(数据!D5/数据!B5*100,"") -> 3.6168302 | D5: =IFERROR(数据!D5/数据!C5*10000,"") -> 2675.8561 | E5: =IFERROR(数据!C5*数据!E5/(数据!F5*1000),"") -> 1258.6968 | F5: =IFERROR(数据!F5/C5,"") -> 0.0052532187 | G5: =IFERROR(数据!F5/AVERAGE(数据!$F$2:$F$32),"") -> 0.80360919 | H5: =IF(数据!F5="","",RANK(数据!F5,数据!$F$2:$F$32,0)) -> 17
A6: 内蒙古自治区 | B6: =IFERROR(数据!B6/数据!C6*10000,"") -> 110195.14 | C6: =IFERROR(数据!D6/数据!B6*100,"") -> 2.9780046 | D6: =IFERROR(数据!D6/数据!C6*10000,"") -> 3281.6164 | E6: =IFERROR(数据!C6*数据!E6/(数据!F6*1000),"") -> 499.30909 | F6: =IFERROR(数据!F6/C6,"") -> 0.0088649964 | G6: =IFERROR(数据!F6/AVERAGE(数据!$F$2:$F$32),"") -> 1.1165938 | H6: =IF(数据!F6="","",RANK(数据!F6,数据!$F$2:$F$32,0)) -> 10
A7: 辽宁省 | B7: =IFERROR(数据!B7/数据!C7*10000,"") -> 78490.253 | C7: =IFERROR(数据!D7/数据!B7*100,"") -> 2.271845 | D7: =IFERROR(数据!D7/数据!C7*10000,"") -> 1783.1769 | E7: =IFERROR(数据!C7*数据!E7/(数据!F7*1000),"") -> 579.01935 | F7: =IFERROR(数据!F7/C7,"") -> 0.013645297 | G7: =IFERROR(数据!F7/AVERAGE(数据!$F$2:$F$32),"") -> 1.3111518 | H7: =IF(数据!F7="","",RANK(数据!F7,数据!$F$2:$F$32,0)) -> 6
A8: 吉林省 | B8: =IFERROR(数据!B8/数据!C8*10000,"") -> 61981.873 | C8: =IFERROR(数据!D8/数据!B8*100,"") -> 3.7557446 | D8: =IFERROR(数据!D8/数据!C8*10000,"") -> 2327.8809 | E8: =IFERROR(数据!C8*数据!E8/(数据!F8*1000),"") -> 205.57213 | F8: =IFERROR(数据!F8/C8,"") -> 0.012514163 | G8: =IFERROR(数据!F8/AVERAGE(数据!$F$2:$F$32),"") -> 1.9878754 | H8: =IF(数据!F8="","",RANK(数据!F8,数据!$F$2:$F$32,0)) -> 2
A9: 黑龙江省 | B9: =IFERROR(数据!B9/数据!C9*10000,"") -> 54397.161 | C9: =IFERROR(数据!D9/数据!B9*100,"") -> 3.7391742 | D9: =IFERROR(数据!D9/数据!C9*10000,"") -> 2034.0046 | E9: =IFERROR(数据!C9*数据!E9/(数据!F9*1000),"") -> 412.48577 | F9: =IFERROR(数据!F9/C9,"") -> 0.0065789927 | G9: =IFERROR(数据!F9/AVERAGE(数据!$F$2:$F$32),"") -> 1.0404624 | H9: =IF(数据!F9="","",RANK(数据!F9,数据!$F$2:$F$32,0)) -> 12
A10: 上海市 | B10: =IFERROR(数据!B10/数据!C10*10000,"") -> 217446.37 | C10: =IFERROR(数据!D10/数据!B10*100,"") -> 2.2880132 | D10: =IFERROR(数据!D10/数据!C10*10000,"") -> 4975.2016 | E10: =IFERROR(数据!C10*数据!E10/(数据!F10*1000),"") -> 324.51791 | F10: =IFERROR(数据!F10/C10,"") -> 0.015865293 | G10: =IFERROR(数据!F10/AVERAGE(数据!$F$2:$F$32),"") -> 1.5353165 | H10: =IF(数据!F10="","",RANK(数据!F10,数据!$F$2:$F$32,0)) -> 4
A11: 江苏省 | B11: =IFERROR(数据!B11/数据!C11*10000,"") -> 160694.35 | C11: =IFERROR(数据!D11/数据!B11*100,"") -> 2.0129481 | D11: =IFERROR(数据!D11/数据!C11*10000,"") -> 3234.6939 | E11: =IFERROR(数据!C11*数据!E11/(数据!F11*1000),"") -> 2258.483 | F11: =IFERROR(数据!F11/C11,"") -> 0.0093395352 | G11: =IFERROR(数据!F11/AVERAGE(数据!$F$2:$F$32),"") -> 0.79515015 | H11: =IF(数据!F11="","",RANK(数据!F11,数据!$F$2:$F$32,0)) -> 18
A12: 浙江省 | B12: =IFERROR(数据!B12/数据!C12*10000,"") -> 135128.34 | C12: =IFERROR(数据!D12/数据!B12*100,"") -> 2.7458155 | D12: =IFERROR(数据!D12/数据!C12*10000,"") -> 3710.3748 | E12: =IFERROR(数据!C12*数据!E12/(数据!F12*1000),"") -> 1820.969 | F12: =IFERROR(数据!F12/C12,"") -> 0.0082307059 | G12: =IFERROR(数据!F12/AVERAGE(数据!$F$2:$F$32),"") -> 0.95587199 | H12: =IF(数据!F12="","",RANK(数据!F12,数据!$F$2:$F$32,0)) -> 15
A13: 安徽省 | B13: =IFERROR(数据!B13/数据!C13*10000,"") -> 82680.385 | C13: =IFERROR(数据!D13/数据!B13*100,"") -> 3.0788619 | D13: =IFERROR(数据!D13/数据!C13*10000,"") -> 2545.6149 | E13: =IFERROR(数据!C13*数据!E13/(数据!F13*1000),"") -> 2717.9072 | F13: =IFERROR(数据!F13/C13,"") -> 0.0045146552 | G13: =IFERROR(数据!F13/AVERAGE(数据!$F$2:$F$32),"") -> 0.58790357 | H13: =IF(数据!F13="","",RANK(数据!F13,数据!$F$2:$F$32,0)) -> 25
... A26: 云南省 | B26: =IFERROR(数据!B26/数据!C26*10000,"") -> 67742.427 | C26: =IFERROR(数据!D26/数据!B26*100,"") -> 3.7978569 | D26: =IFERROR(数据!D26/数据!C26*10000,"") -> 2572.7605 | E26: =IFERROR(数据!C26*数据!E26/(数据!F26*1000),"") -> 3489.2261 | F26: =IFERROR(数据!F26/C26,"") -> 0.0030280235 | G26: =IFERROR(数据!F26/AVERAGE(数据!$F$2:$F$32),"") -> 0.48639504 | H26: =IF(数据!F26="","",RANK(数据!F26,数据!$F$2:$F$32,0)) -> 29
A27: 西藏自治区 | B27: =IFERROR(数据!B27/数据!C27*10000,"") -> 74727.027 | C27: =IFERROR(数据!D27/数据!B27*100,"") -> 12.066621 | D27: =IFERROR(数据!D27/数据!C27*10000,"") -> 9017.027 | E27: - | F27: - | G27: - | H27: -
A28: 陕西省 | B28: =IFERROR(数据!B28/数据!C28*10000,"") -> 89903.365 | C28: =IFERROR(数据!D28/数据!B28*100,"") -> 3.1501908 | D28: =IFERROR(数据!D28/数据!C28*10000,"") -> 2832.1275 | E28: =IFERROR(数据!C28*数据!E28/(数据!F28*1000),"") -> 982.90811 | F28: =IFERROR(数据!F28/C28,"") -> 0.0093962563 | G28: =IFERROR(数据!F28/AVERAGE(数据!$F$2:$F$32),"") -> 1.2519385 | H28: =IF(数据!F28="","",RANK(数据!F28,数据!$F$2:$F$32,0)) -> 7
A29: 甘肃省 | B29: =IFERROR(数据!B29/数据!C29*10000,"") -> 52900.325 | C29: =IFERROR(数据!D29/数据!B29*100,"") -> 5.5670658 | D29: =IFERROR(数据!D29/数据!C29*10000,"") -> 2944.9959 | E29: =IFERROR(数据!C29*数据!E29/(数据!F29*1000),"") -> 664.32432 | F29: =IFERROR(数据!F29/C29,"") -> 0.005316984 | G29: =IFERROR(数据!F29/AVERAGE(数据!$F$2:$F$32),"") -> 1.2519385 | H29: =IF(数据!F29="","",RANK(数据!F29,数据!$F$2:$F$32,0)) -> 7
A30: 青海省 | B30: =IFERROR(数据!B30/数据!C30*10000,"") -> 66623.946 | C30: =IFERROR(数据!D30/数据!B30*100,"") -> 5.8742533 | D30: =IFERROR(数据!D30/数据!C30*10000,"") -> 3913.6594 | E30: =IFERROR(数据!C30*数据!E30/(数据!F30*1000),"") -> 228.82557 | F30: =IFERROR(数据!F30/C30,"") -> 0.0044601413 | G30: =IFERROR(数据!F30/AVERAGE(数据!$F$2:$F$32),"") -> 1.1081348 | H30: =IF(数据!F30="","",RANK(数据!F30,数据!$F$2:$F$32,0)) -> 11
A31: 宁夏回族自治区 | B31: =IFERROR(数据!B31/数据!C31*10000,"") -> 75484.225 | C31: =IFERROR(数据!D31/数据!B31*100,"") -> 4.0959148 | D31: =IFERROR(数据!D31/数据!C31*10000,"") -> 3091.7695 | E31: =IFERROR(数据!C31*数据!E31/(数据!F31*1000),"") -> 392.01618 | F31: =IFERROR(数据!F31/C31,"") -> 0.0049805723 | G31: =IFERROR(数据!F31/AVERAGE(数据!$F$2:$F$32),"") -> 0.8628225 | H31: =IF(数据!F31="","",RANK(数据!F31,数据!$F$2:$F$32,0)) -> 16
A32: 新疆维吾尔自治区 | B32: =IFERROR(数据!B32/数据!C32*10000,"") -> 78284.788 | C32: =IFERROR(数据!D32/数据!B32*100,"") -> 5.9209802 | D32: =IFERROR(数据!D32/数据!C32*10000,"") -> 4635.2268 | E32: =IFERROR(数据!C32*数据!E32/(数据!F32*1000),"") -> 746.4852 | F32: =IFERROR(数据!F32/C32,"") -> 0.0055902906 | G32: =IFERROR(数据!F32/AVERAGE(数据!$F$2:$F$32),"") -> 1.3999718 | H32: =IF(数据!F32="","",RANK(数据!F32,数据!$F$2:$F$32,0)) -> 5
B33: =IFERROR(数据!B33/数据!C33*10000,"") | C33: =IFERROR(数据!D33/数据!B33*100,"") | D33: =IFERROR(数据!D33/数据!C33*10000,"")
B34: =IFERROR(数据!B34/数据!C34*10000,"") | D34: =IFERROR(数据!D34/数据!C34*10000,"")
B35: =IFERROR(数据!B35/数据!C35*10000,"")
B36: =IFERROR(数据!B36/数据!C36*10000,"")

Sheet 计算
A1: 关键指标 | B1: 数值 | C1: 说明 | E1: 985录取率排名TOP5 | F1: 省份 | G1: 录取率 | H1: 教育投入强度 | J1: 省份分类（按投入产出） | K1: 高投入高产出 | L1: 高投入低产出 | M1: 低投入高产出 | N1: 低投入低产出
A2: 全国平均985录取率 | B2: =MAX(数据!F2:F32) -> 0.0555 | E2: 第1名 | F2: {=INDEX(指标!A:A,MATCH(1,指标!H:H,0))} -> 北京市 | G2: =VLOOKUP(F2,数据!A:F,6,FALSE) -> 0.0555 | H2: =VLOOKUP(F2,指标!A:C,3,FALSE) -> 2.5021518 | J2: 分类标准 | K2: =COUNTIFS(指标!C:C,">"&AVERAGE(指标!C:C),数据!F:F,">"&AVERAGE(数据!F:F)) -> 3 | L2: =COUNTIFS(指标!C:C,">"&AVERAGE(指标!C:C),数据!F:F,"<="&AVERAGE(数据!F:F)) -> 7 | M2: =COUNTIFS(指标!C:C,"<="&AVERAGE(指标!C:C),数据!F:F,">"&AVERAGE(数据!F:F)) -> 9 | N2: =COUNTIFS(指标!C:C,"<="&AVERAGE(指标!C:C),数据!F:F,"<="&AVERAGE(数据!F:F)) -> 11
A3: 最高985录取率（省份） | B3: =MAX(数据!G5:G35) -> 0.1238 | E3: 第2名 | F3: {=INDEX(指标!A:A,MATCH(2,指标!H:H,0))} -> 吉林省 | G3: =VLOOKUP(F3,数据!A:F,6,FALSE) -> 0.047 | H3: =VLOOKUP(F3,指标!A:C,3,FALSE) -> 3.7557446
A4: 最低985录取率（省份） | B4: =MIN(数据!G6:G36) -> 0.0289 | E4: 第3名 | F4: {=INDEX(指标!A:A,MATCH(3,指标!H:H,0))} -> 天津市 | G4: =VLOOKUP(F4,数据!A:F,6,FALSE) -> 0.0391 | H4: =VLOOKUP(F4,指标!A:C,3,FALSE) -> 2.7741438
A5: 平均教育投入强度 | B5: =AVERAGE(指标!C2:C32) -> 3.7580435 | E5: 第4名 | F5: {=INDEX(指标!A:A,MATCH(4,指标!H:H,0))} -> 上海市 | G5: =VLOOKUP(F5,数据!A:F,6,FALSE) -> 0.0363 | H5: =VLOOKUP(F5,指标!A:C,3,FALSE) -> 2.2880132
A6: 最高效率比值（省份） | B6: =MAX(指标!F2:F32) -> 0.022180909 | E6: 第5名 | F6: {=INDEX(指标!A:A,MATCH(5,指标!H:H,0))} -> 新疆维吾尔自治区 | G6: =VLOOKUP(F6,数据!A:F,6,FALSE) -> 0.0331 | H6: =VLOOKUP(F6,指标!A:C,3,FALSE) -> 5.9209802
A7: 最大人口压力（省份） | B7: =MAX(指标!E2:E32) -> 7848.1753 | E7: 第6名 | F7: {=INDEX(指标!A:A,MATCH(6,指标!H:H,0))} -> 辽宁省 | G7: =VLOOKUP(F7,数据!A:F,6,FALSE) -> 0.031 | H7: =VLOOKUP(F7,指标!A:C,3,FALSE) -> 2.271845
A8: 教育投入强度标准差 | B8: =STDEV(指标!C2:C32) -> 1.8818338
A9: 985录取率标准差 | B9: =STDEV(数据!F2:F32) -> 0.010651556
A10: 相关系数（GDP vs 985录取率） | B10: {=CORREL(数据!B2:B32,数据!F2:F32)} -> -0.24631855

Sheet 效率
A1: 省份 | B1: 教育投入强度 | C1: 985录取率_% | D1: 分类
A2: =指标!A2 -> 北京市 | B2: =指标!C2 -> 2.5021518 | C2: =数据!F2*100 -> 5.55 | D2: =IF(AND(B2>AVERAGE($B$2:$B$32),C2>AVERAGE($C$2:$C$32)),"高投入高产出",IF(AND(B2>AVERAGE($B$2:$B$32),C2<=AVERAGE($C$2:$C$32)),"高投入低产出",IF(AND(B2<=AVERAGE($B$2:$B$32),C2>AVERAGE($C$2:$C$32)),"低投入高产出","低投入低产出"))) -> 低投入高产出
A3: =指标!A3 -> 天津市 | B3: =指标!C3 -> 2.7741438 | C3: =数据!F3*100 -> 3.91 | D3: =IF(AND(B3>AVERAGE($B$2:$B$32),C3>AVERAGE($C$2:$C$32)),"高投入高产出",IF(AND(B3>AVERAGE($B$2:$B$32),C3<=AVERAGE($C$2:$C$32)),"高投入低产出",IF(AND(B3<=AVERAGE($B$2:$B$32),C3>AVERAGE($C$2:$C$32)),"低投入高产出","低投入低产出"))) -> 低投入高产出
A4: =指标!A4 -> 河北省 | B4: =指标!C4 -> 3.8480103 | C4: =数据!F4*100 -> 1.16 | D4: =IF(AND(B4>AVERAGE($B$2:$B$32),C4>AVERAGE($C$2:$C$32)),"高投入高产出",IF(AND(B4>AVERAGE($B$2:$B$32),C4<=AVERAGE($C$2:$C$32)),"高投入低产出",IF(AND(B4<=AVERAGE($B$2:$B$32),C4>AVERAGE($C$2:$C$32)),"低投入高产出","低投入低产出"))) -> 高投入低产出
A5: =指标!A5 -> 山西省 | B5: =指标!C5 -> 3.6168302 | C5: =数据!F5*100 -> 1.9 | D5: =IF(AND(B5>AVERAGE($B$2:$B$32),C5>AVERAGE($C$2:$C$32)),"高投入高产出",IF(AND(B5>AVERAGE($B$2:$B$32),C5<=AVERAGE($C$2:$C$32)),"高投入低产出",IF(AND(B5<=AVERAGE($B$2:$B$32),C5>AVERAGE($C$2:$C$32)),"低投入高产出","低投入低产出"))) -> 低投入低产出
A6: =指标!A6 -> 内蒙古自治区 | B6: =指标!C6 -> 2.9780046 | C6: =数据!F6*100 -> 2.64 | D6: =IF(AND(B6>AVERAGE($B$2:$B$32),C6>AVERAGE($C$2:$C$32)),"高投入高产出",IF(AND(B6>AVERAGE($B$2:$B$32),C6<=AVERAGE($C$2:$C$32)),"高投入低产出",IF(AND(B6<=AVERAGE($B$2:$B$32),C6>AVERAGE($C$2:$C$32)),"低投入高产出","低投入低产出"))) -> 低投入高产出
A7: =指标!A7 -> 辽宁省 | B7: =指标!C7 -> 2.271845 | C7: =数据!F7*100 -> 3.1 | D7: =IF(AND(B7>AVERAGE($B$2:$B$32),C7>AVERAGE($C$2:$C$32)),"高投入高产出",IF(AND(B7>AVERAGE($B$2:$B$32),C7<=AVERAGE($C$2:$C$32)),"高投入低产出",IF(AND(B7<=AVERAGE($B$2:$B$32),C7>AVERAGE($C$2:$C$32)),"低投入高产出","低投入低产出"))) -> 低投入高产出
A8: =指标!A8 -> 吉林省 | B8: =指标!C8 -> 3.7557446 | C8: =数据!F8*100 -> 4.7 | D8: =IF(AND(B8>AVERAGE($B$2:$B$32),C8>AVERAGE($C$2:$C$32)),"高投入高产出",IF(AND(B8>AVERAGE($B$2:$B$32),C8<=AVERAGE($C$2:$C$32)),"高投入低产出",IF(AND(B8<=AVERAGE($B$2:$B$32),C8>AVERAGE($C$2:$C$32)),"低投入高产出","低投入低产出"))) -> 低投入高产出
A9: =指标!A9 -> 黑龙江省 | B9: =指标!C9 -> 3.7391742 | C9: =数据!F9*100 -> 2.46 | D9: =IF(AND(B9>AVERAGE($B$2:$B$32),C9>AVERAGE($C$2:$C$32)),"高投入高产出",IF(AND(B9>AVERAGE($B$2:$B$32),C9<=AVERAGE($C$2:$C$32)),"高投入低产出",IF(AND(B9<=AVERAGE($B$2:$B$32),C9>AVERAGE($C$2:$C$32)),"低投入高产出","低投入低产出"))) -> 低投入高产出
A10: =指标!A10 -> 上海市 | B10: =指标!C10 -> 2.2880132 | C10: =数据!F10*100 -> 3.63 | D10: =IF(AND(B10>AVERAGE($B$2:$B$32),C10>AVERAGE($C$2:$C$32)),"高投入高产出",IF(AND(B10>AVERAGE($B$2:$B$32),C10<=AVERAGE($C$2:$C$32)),"高投入低产出",IF(AND(B10<=AVERAGE($B$2:$B$32),C10>AVERAGE($C$2:$C$32)),"低投入高产出","低投入低产出"))) -> 低投入高产出
A11: =指标!A11 -> 江苏省 | B11: =指标!C11 -> 2.0129481 | C11: =数据!F11*100 -> 1.88 | D11: =IF(AND(B11>AVERAGE($B$2:$B$32),C11>AVERAGE($C$2:$C$32)),"高投入高产出",IF(AND(B11>AVERAGE($B$2:$B$32),C11<=AVERAGE($C$2:$C$32)),"高投入低产出",IF(AND(B11<=AVERAGE($B$2:$B$32),C11>AVERAGE($C$2:$C$32)),"低投入高产出","低投入低产出"))) -> 低投入低产出
A12: =指标!A12 -> 浙江省 | B12: =指标!C12 -> 2.7458155 | C12: =数据!F12*100 -> 2.26 | D12: =IF(AND(B12>AVERAGE($B$2:$B$32),C12>AVERAGE($C$2:$C$32)),"高投入高产出",IF(AND(B12>AVERAGE($B$2:$B$32),C12<=AVERAGE($C$2:$C$32)),"高投入低产出",IF(AND(B12<=AVERAGE($B$2:$B$32),C12>AVERAGE($C$2:$C$32)),"低投入高产出","低投入低产出"))) -> 低投入低产出
A13: =指标!A13 -> 安徽省 | B13: =指标!C13 -> 3.0788619 | C13: =数据!F13*100 -> 1.39 | D13: =IF(AND(B13>AVERAGE($B$2:$B$32),C13>AVERAGE($C$2:$C$32)),"高投入高产出",IF(AND(B13>AVERAGE($B$2:$B$32),C13<=AVERAGE($C$2:$C$32)),"高投入低产出",IF(AND(B13<=AVERAGE($B$2:$B$32),C13>AVERAGE($C$2:$C$32)),"低投入高产出","低投入低产出"))) -> 低投入低产出
... A26: =指标!A26 -> 云南省 | B26: =指标!C26 -> 3.7978569 | C26: =数据!F26*100 -> 1.15 | D26: =IF(AND(B26>AVERAGE($B$2:$B$32),C26>AVERAGE($C$2:$C$32)),"高投入高产出",IF(AND(B26>AVERAGE($B$2:$B$32),C26<=AVERAGE($C$2:$C$32)),"高投入低产出",IF(AND(B26<=AVERAGE($B$2:$B$32),C26>AVERAGE($C$2:$C$32)),"低投入高产出","低投入低产出"))) -> 高投入低产出
A27: =指标!A27 -> 西藏自治区 | B27: =指标!C27 -> 12.066621
A28: =指标!A28 -> 陕西省 | B28: =指标!C28 -> 3.1501908 | C28: =数据!F28*100 -> 2.96 | D28: =IF(AND(B28>AVERAGE($B$2:$B$32),C28>AVERAGE($C$2:$C$32)),"高投入高产出",IF(AND(B28>AVERAGE($B$2:$B$32),C28<=AVERAGE($C$2:$C$32)),"高投入低产出",IF(AND(B28<=AVERAGE($B$2:$B$32),C28>AVERAGE($C$2:$C$32)),"低投入高产出","低投入低产出"))) -> 低投入高产出
A29: =指标!A29 -> 甘肃省 | B29: =指标!C29 -> 5.5670658 | C29: =数据!F29*100 -> 2.96 | D29: =IF(AND(B29>AVERAGE($B$2:$B$32),C29>AVERAGE($C$2:$C$32)),"高投入高产出",IF(AND(B29>AVERAGE($B$2:$B$32),C29<=AVERAGE($C$2:$C$32)),"高投入低产出",IF(AND(B29<=AVERAGE($B$2:$B$32),C29>AVERAGE($C$2:$C$32)),"低投入高产出","低投入低产出"))) -> 高投入高产出
A30: =指标!A30 -> 青海省 | B30: =指标!C30 -> 5.8742533 | C30: =数据!F30*100 -> 2.62 | D30: =IF(AND(B30>AVERAGE($B$2:$B$32),C30>AVERAGE($C$2:$C$32)),"高投入高产出",IF(AND(B30>AVERAGE($B$2:$B$32),C30<=AVERAGE($C$2:$C$32)),"高投入低产出",IF(AND(B30<=AVERAGE($B$2:$B$32),C30>AVERAGE($C$2:$C$32)),"低投入高产出","低投入低产出"))) -> 高投入高产出
A31: =指标!A31 -> 宁夏回族自治区 | B31: =指标!C31 -> 4.0959148 | C31: =数据!F31*100 -> 2.04 | D31: =IF(AND(B31>AVERAGE($B$2:$B$32),C31>AVERAGE($C$2:$C$32)),"高投入高产出",IF(AND(B31>AVERAGE($B$2:$B$32),C31<=AVERAGE($C$2:$C$32)),"高投入低产出",IF(AND(B31<=AVERAGE($B$2:$B$32),C31>AVERAGE($C$2:$C$32)),"低投入高产出","低投入低产出"))) -> 高投入低产出
A32: =指标!A32 -> 新疆维吾尔自治区 | B32: =指标!C32 -> 5.9209802 | C32: =数据!F32*100 -> 3.31 | D32: =IF(AND(B32>AVERAGE($B$2:$B$32),C32>AVERAGE($C$2:$C$32)),"高投入高产出",IF(AND(B32>AVERAGE($B$2:$B$32),C32<=AVERAGE($C$2:$C$32)),"高投入低产出",IF(AND(B32<=AVERAGE($B$2:$B$32),C32>AVERAGE($C$2:$C$32)),"低投入高产出","低投入低产出"))) -> 高投入高产出

Sheet 公平性
A1: 序号 | B1: 省份 | C1: 人口占比_% | D1: 985录取率占比_% | E1: 累计人口% | F1: 累计985录取率% | H1: 基尼系数计算
A2: 1 | B2: =指标!A2 -> 北京市 | C2: =IF(数据!A2="西藏自治区",0,数据!C2/SUMIF(数据!$A$2:$A$32,"<>西藏自治区",数据!$C$2:$C$32)*100) -> 1.5564175 | D2: =IF(数据!A2="西藏自治区",0,数据!F2/SUMIF(数据!$A$2:$A$32,"<>西藏自治区",数据!$F$2:$F$32)*100) -> 7.8246158 | E2: =IF(A2=1,C2,E1+C2) -> 1.5564175 | F2: =IF(A2=1,D2,F1+D2) -> 7.8246158 | H2: {=_xlfn.LET(_xlpm.pop_share,_xlfn._xlws.FILTER(数据!C2:C32/SUMIF(数据!$A$2:$A$32,"<>西藏自治区",数据!$C$2:$C$32),数据!A2:A32<>"西藏自治区"),_xlpm.edu_share,_xlfn._xlws.FILTER(数据!F2:F32/SUMIF(数据!$A$2:$A$32,"<>西藏自治区",数据!$F$2:$F$32),数据!A2:A32<>"西藏自治区"),_xlpm.sorted_pop,_xlfn.SORTBY(_xlpm.pop_share,_xlpm.edu_share),_xlpm.sorted_edu,_xlfn._xlws.SORT(_xlpm.edu_share),_xlpm.cum_pop,_xlfn.SCAN(0,_xlpm.sorted_pop,_xlfn.LAMBDA(_xlpm.a,_xlpm.b,_xlpm.a+_xlpm.b)),_xlpm.cum_edu,_xlfn.SCAN(0,_xlpm.sorted_edu,_xlfn.LAMBDA(_xlpm.a,_xlpm.b,_xlpm.a+_xlpm.b)),1-SUM((_xlfn.DROP(_xlpm.cum_pop,1)-_xlfn.DROP(_xlpm.cum_pop,-1))*(_xlfn.DROP(_xlpm.cum_edu,1)+_xlfn.DROP(_xlpm.cum_edu,-1)))/2)} -> 0.72090665
A3: 2 | B3: =指标!A3 -> 天津市 | C3: =IF(数据!A3="西藏自治区",0,数据!C3/SUMIF(数据!$A$2:$A$32,"<>西藏自治区",数据!$C$2:$C$32)*100) -> 0.97249355 | D3: =IF(数据!A3="西藏自治区",0,数据!F3/SUMIF(数据!$A$2:$A$32,"<>西藏自治区",数据!$F$2:$F$32)*100) -> 5.5124771 | E3: =IF(A3=1,C3,E2+C3) -> 2.528911 | F3: =IF(A3=1,D3,F2+D3) -> 13.337093
A4: 3 | B4: =指标!A4 -> 河北省 | C4: =IF(数据!A4="西藏自治区",0,数据!C4/SUMIF(数据!$A$2:$A$32,"<>西藏自治区",数据!$C$2:$C$32)*100) -> 5.260306 | D4: =IF(数据!A4="西藏自治区",0,数据!F4/SUMIF(数据!$A$2:$A$32,"<>西藏自治区",数据!$F$2:$F$32)*100) -> 1.6354152 | E4: =IF(A4=1,C4,E3+C4) -> 7.789217 | F4: =IF(A4=1,D4,F3+D4) -> 14.972508
A5: 4 | B5: =指标!A5 -> 山西省 | C5: =IF(数据!A5="西藏自治区",0,数据!C5/SUMIF(数据!$A$2:$A$32,"<>西藏自治区",数据!$C$2:$C$32)*100) -> 2.4569009 | D5: =IF(数据!A5="西藏自治区",0,数据!F5/SUMIF(数据!$A$2:$A$32,"<>西藏自治区",数据!$F$2:$F$32)*100) -> 2.6786973 | E5: =IF(A5=1,C5,E4+C5) -> 10.246118 | F5: =IF(A5=1,D5,F4+D5) -> 17.651205
A6: 5 | B6: =指标!A6 -> 内蒙古自治区 | C6: =IF(数据!A6="西藏自治区",0,数据!C6/SUMIF(数据!$A$2:$A$32,"<>西藏自治区",数据!$C$2:$C$32)*100) -> 1.7025767 | D6: =IF(数据!A6="西藏自治区",0,数据!F6/SUMIF(数据!$A$2:$A$32,"<>西藏自治区",数据!$F$2:$F$32)*100) -> 3.7219794 | E6: =IF(A6=1,C6,E5+C6) -> 11.948695 | F6: =IF(A6=1,D6,F5+D6) -> 21.373185
A7: 6 | B7: =指标!A7 -> 辽宁省 | C7: =IF(数据!A7="西藏自治区",0,数据!C7/SUMIF(数据!$A$2:$A$32,"<>西藏自治区",数据!$C$2:$C$32)*100) -> 2.9623979 | D7: =IF(数据!A7="西藏自治区",0,数据!F7/SUMIF(数据!$A$2:$A$32,"<>西藏自治区",数据!$F$2:$F$32)*100) -> 4.3705061 | E7: =IF(A7=1,C7,E6+C7) -> 14.911092 | F7: =IF(A7=1,D7,F6+D7) -> 25.743691
A8: 7 | B8: =指标!A8 -> 吉林省 | C8: =IF(数据!A8="西藏自治区",0,数据!C8/SUMIF(数据!$A$2:$A$32,"<>西藏自治区",数据!$C$2:$C$32)*100) -> 1.6519557 | D8: =IF(数据!A8="西藏自治区",0,数据!F8/SUMIF(数据!$A$2:$A$32,"<>西藏自治区",数据!$F$2:$F$32)*100) -> 6.6262512 | E8: =IF(A8=1,C8,E7+C8) -> 16.563048 | F8: =IF(A8=1,D8,F7+D8) -> 32.369942
A9: 8 | B9: =指标!A9 -> 黑龙江省 | C9: =IF(数据!A9="西藏自治区",0,数据!C9/SUMIF(数据!$A$2:$A$32,"<>西藏自治区",数据!$C$2:$C$32)*100) -> 2.1595916 | D9: =IF(数据!A9="西藏自治区",0,数据!F9/SUMIF(数据!$A$2:$A$32,"<>西藏自治区",数据!$F$2:$F$32)*100) -> 3.4682081 | E9: =IF(A9=1,C9,E8+C9) -> 18.72264 | F9: =IF(A9=1,D9,F8+D9) -> 35.83815
A10: 9 | B10: =指标!A10 -> 上海市 | C10: =IF(数据!A10="西藏自治区",0,数据!C10/SUMIF(数据!$A$2:$A$32,"<>西藏自治区",数据!$C$2:$C$32)*100) -> 1.7681701 | D10: =IF(数据!A10="西藏自治区",0,数据!F10/SUMIF(数据!$A$2:$A$32,"<>西藏自治区",数据!$F$2:$F$32)*100) -> 5.1177217 | E10: =IF(A10=1,C10,E9+C10) -> 20.49081 | F10: =IF(A10=1,D10,F9+D10) -> 40.955872
A11: 10 | B11: =指标!A11 -> 江苏省 | C11: =IF(数据!A11="西藏自治区",0,数据!C11/SUMIF(数据!$A$2:$A$32,"<>西藏自治区",数据!$C$2:$C$32)*100) -> 6.0787976 | D11: =IF(数据!A11="西藏自治区",0,数据!F11/SUMIF(数据!$A$2:$A$32,"<>西藏自治区",数据!$F$2:$F$32)*100) -> 2.6505005 | E11: =IF(A11=1,C11,E10+C11) -> 26.569607 | F11: =IF(A11=1,D11,F10+D11) -> 43.606372
A12: 11 | B12: =指标!A12 -> 浙江省 | C12: =IF(数据!A12="西藏自治区",0,数据!C12/SUMIF(数据!$A$2:$A$32,"<>西藏自治区",数据!$C$2:$C$32)*100) -> 4.755522 | D12: =IF(数据!A12="西藏自治区",0,数据!F12/SUMIF(数据!$A$2:$A$32,"<>西藏自治区",数据!$F$2:$F$32)*100) -> 3.18624 | E12: =IF(A12=1,C12,E11+C12) -> 31.325129 | F12: =IF(A12=1,D12,F11+D12) -> 46.792612
A13: 12 | B13: =指标!A13 -> 安徽省 | C13: =IF(数据!A13="西藏自治区",0,数据!C13/SUMIF(数据!$A$2:$A$32,"<>西藏自治区",数据!$C$2:$C$32)*100) -> 4.3655264 | D13: =IF(数据!A13="西藏自治区",0,数据!F13/SUMIF(数据!$A$2:$A$32,"<>西藏自治区",数据!$F$2:$F$32)*100) -> 1.9596786 | E13: =IF(A13=1,C13,E12+C13) -> 35.690656 | F13: =IF(A13=1,D13,F12+D13) -> 48.752291
A14: 13 | B14: =指标!A14 -> 福建省 | C14: =IF(数据!A14="西藏自治区",0,数据!C14/SUMIF(数据!$A$2:$A$32,"<>西藏自治区",数据!$C$2:$C$32)*100) -> 2.9894908 | D14: =IF(数据!A14="西藏自治区",0,数据!F14/SUMIF(数据!$A$2:$A$32,"<>西藏自治区",数据!$F$2:$F$32)*100) -> 3.2849288 | E14: =IF(A14=1,C14,E13+C14) -> 38.680147 | F14: =IF(A14=1,D14,F13+D14) -> 52.03722
... A32: 31 | B32: =指标!A32 -> 新疆维吾尔自治区 | C32: =IF(数据!A32="西藏自治区",0,数据!C32/SUMIF(数据!$A$2:$A$32,"<>西藏自治区",数据!$C$2:$C$32)*100) -> 1.8701251 | D32: =IF(数据!A32="西藏自治区",0,数据!F32/SUMIF(数据!$A$2:$A$32,"<>西藏自治区",数据!$F$2:$F$32)*100) -> 4.6665727 | E32: =IF(A32=1,C32,E31+C32) -> 100 | F32: =IF(A32=1,D32,F31+D32) -> 100
E33: 0 | F33: 0

Sheet 报告
A1: 数据分析报告摘要
A3: 一、核心发现
A4: 1. 教育投入效率最高的省份是： | B4: {=INDEX(指标!A:A,MATCH(MAX(指标!F:F),指标!F:F,0))} -> 北京市
A5: 2. 教育机会最不公平的省份是： | B5: {=INDEX(指标!A:A,MATCH(MIN(指标!G:G),指标!G:G,0))} -> 河南省
A6: 3. 人口升学压力最大的省份是： | B6: {=INDEX(指标!A:A,MATCH(MAX(指标!E:E),指标!E:E,0))} -> 河南省
A7: 4. 985录取率与人均GDP的相关系数为： | B7: =TEXT(计算!B10,"0.000") -> -0.246
A8: 5. 教育机会基尼系数为： | B8: =TEXT(公平性!H2,"0.000") -> 0.721
